Time,CPU_Utilization,RAM_Utilization
0,72.17611355879323,75.919025819683
1,74.0260976220443,76.49323509642551
2,77.56383450338278,72.305117675603
3,84.32784056989568,82.083164967676
4,81.63466246989788,84.0852368564569
5,94.77379104581294,86.8246060690885
6,96.43038914327566,80.63211716634129
7,94.17402400698982,83.58980564545467
8,84.73450545480071,98.59230267561244
9,81.43310409460385,96.96135732928126
10,88.35057933463258,97.33228917082587
11,93.3814556415102,88.61500244813341
12,96.96500894669322,86.26533905681539
13,95.03351335877102,85.42835521465994
14,84.01009460157243,88.32439938243024
15,96.71466063493753,86.16374877752273
16,84.47173676343456,86.45908987174884
17,83.40637967691126,81.54675263633445
18,86.55614075572788,98.78620980154777
19,93.08896569508197,98.15536542826591
20,86.46924930122972,82.218418314377
21,95.6114284387057,94.25883533067471
22,47.039351149918716,59.84203939332793
23,44.47119703718001,46.03668656850927
24,52.147427671408245,64.86794466285797
25,60.582933799897546,55.479489225314886
26,40.133732473981965,52.469574517417584
27,55.453610449302104,46.80875155360697
28,66.51183261691688,54.46783857848555
29,41.17626790844953,48.5109437860348
30,49.17548813815455,69.66644224553201
31,60.209005119397936,40.19167205122298
32,66.26620144158068,65.27389991037987
33,64.13612835010699,62.02058310119988
34,42.42325624431487,63.309380568213456
35,49.08888607205245,39.69796836961043
36,53.13750584746293,44.97862107606534
37,40.42307030583181,63.77731218355028
38,63.35480059018451,42.44844597602436
39,39.790045190141086,61.69071440142557
40,61.867175780148685,56.42847011777211
41,60.649582515724234,58.770796390405614
42,46.574143904515324,46.89245984370828
43,54.19885470100139,59.64578739789894
44,44.18961929209836,37.59959302253487
45,39.272537929348815,60.213355852545604
46,45.98432500281511,62.535625861180854
47,35.36206250514267,58.81691431300723
48,63.78252286513706,56.65330260686378
49,57.16800433423014,55.756593509903055
50,43.737264756014966,54.50811144452641
51,38.13545055778012,48.428926973298545
52,48.98206908009769,65.03048752845896
53,48.54914457496227,50.51723603907057
54,59.662085157402494,55.88417570939324
55,61.33954564527188,35.673861016717346
56,42.10612063210044,41.74182173189403
57,42.03598069084661,69.01814256284135
58,33.78318448052929,64.20864044172754
59,31.962763510351287,67.25226993664783
60,35.730976355913576,68.61507410198391
61,68.67944566987836,45.636427447140306
62,47.9620517320205,69.74706061417989
63,36.8728778541786,35.79769759022749
64,42.65932238655596,44.409053107842006
65,60.54680955456043,58.20227525856836
66,44.91936727796699,31.729851707124208
67,44.59305881048474,56.566084214069136
68,49.83041386992648,61.90417058924727
69,67.28078938983015,68.15523181404586
70,12.033643061356836,18.35258145075592
71,9.061464745996359,12.47561168972492
72,5.551077198044619,19.178387553341235
73,5.845207373917995,16.63757032778419
74,15.137323547542627,11.931628853873235
75,18.738281089213302,16.508280885057268
76,17.300901448277013,6.286819333751968
77,5.167561244341677,11.068509027831151
78,9.247950733682728,17.559834399571216
79,11.369948637246708,17.98221157397672
80,9.675602649443354,10.660851289291159
81,7.246776962564908,19.178364042015822
82,9.269244390680175,8.80986222929932
83,13.950409354407341,7.204162406778099
84,6.095837472895941,12.88735156992071
85,7.867666663403048,8.8953862370343
86,16.635966278015076,15.542380740447667
87,14.8392987243688,11.45274419808746
88,17.955427968565687,19.118707029620033
89,10.695490603557634,8.655796005992284
90,18.06038145296456,14.49567590505256
91,11.969124506894067,13.318801398375316
92,14.013761121638003,6.658187406117047
93,12.371191041285527,15.424756093465833
94,13.719711756853938,13.576097326456654
95,17.88576448925492,17.603538647174467
96,9.253779853948336,17.220750196341996
97,5.979888245128086,5.622792056499341
98,8.419282767848115,17.748021032738407
99,7.747096590088993,16.040839617797772
100,10.631027685889299,6.041785781857752
101,13.368172027052722,14.307598471732135
102,55.35388410674995,67.94102855858522
103,68.64012720911133,38.07063495103853
104,41.413721634854596,37.97346478583239
105,57.46735893121407,45.62748514429971
106,67.64072828213435,61.551643098553974
107,52.7067096313589,38.610418707537036
108,56.26401953442591,52.53131373729764
109,60.545725655190665,46.339485214551004
110,56.00553238829579,31.62023257006227
111,68.89478830513646,42.51125187720083
112,70.14130223811893,73.76298146162691
113,76.21659325408831,71.88381129100569
114,76.68546210148462,74.35869966315467
115,86.63741517389283,86.0708462246502
116,85.85132078876262,82.42552178737527
117,94.54476313908854,92.15916259683799
118,94.58516978378107,91.98749720647562
119,93.3350623517129,81.0330482227704
120,98.43179092886525,92.59280217022112
121,85.84760058081167,84.33171394016313
122,99.38689883588049,90.95452134153243
123,85.80990463791616,82.09262176872116
124,97.86857235683664,81.91861775548398
125,97.50660049959284,82.88515131723952
126,84.92268491299849,81.00871104173181
127,98.38324975348499,91.30674470363645
128,89.49788811420242,92.12298851793363
129,87.05036478682308,97.27955645960631
130,93.25424450150639,90.45487699522424
131,98.72320058301531,93.36535010560944
132,30.58453224331188,45.499331650815456
133,64.45664577252037,40.02459409275593
134,63.70990400049063,65.90992915748969
135,68.3428265497576,36.54554745725535
136,60.28568558970069,54.97617226733077
137,51.309152019817006,37.98799885989731
138,59.72006970437074,65.67339840029035
139,48.41678751573269,67.9057453193382
140,48.072874739549064,34.034216501702915
141,66.52003510379183,67.3279815423758
142,47.26468419376683,46.702309808841875
143,57.85297678727604,62.54862523525831
144,49.3032960412869,30.494929544436815
145,31.457215195600703,38.609037095770084
146,62.8117141985729,45.16955561446661
147,67.80920447797877,43.51929532011596
148,64.68751555391027,68.54783315357176
149,42.791737812503115,43.09596931374683
150,46.03799132289768,44.76044549445688
151,45.49353235041542,55.791663626764255
152,56.635450998055084,33.12442265722832
153,51.07150768473808,59.520130116132194
154,39.6065077603979,58.701055197356126
155,53.76910101739589,56.36847476354998
156,48.846769351950655,38.349003792452756
157,52.12633451978472,30.14112064429134
158,66.44697032712779,47.28711908658414
159,36.98011383983921,57.60366571958427
160,32.33310648268641,59.80988611942837
161,33.60070011796823,42.432687384484005
162,35.3683594444308,64.30409925510253
163,35.717149474334235,49.560422636979695
164,41.52513157751045,50.19914270434239
165,44.76385647808844,54.1209739588053
166,57.61467524707609,31.851370439330754
167,35.69923348645146,37.77098577841505
168,65.62821644963668,31.058976954602294
169,62.9103274949069,35.11973086286575
170,57.626501959629714,64.57786434525897
171,42.41494877657405,32.734498849073844
172,13.505615328818571,7.2223135953301725
173,19.147421573641424,8.064650421750391
174,6.445345319170206,15.084597591614934
175,12.339725443083317,15.421709453286377
176,10.594703857253254,12.367017564677155
177,11.92867866853714,14.994725245599927
178,17.552497159489782,11.966342099700864
179,11.882219363736706,17.63118195356782
180,6.728736844837235,9.121711065728444
181,5.040046419335724,17.127838531703965
182,8.189651931436968,15.533329178209245
183,5.603511365353219,15.277977244671117
184,11.750657126887367,11.686206044511945
185,15.756905665718213,5.552342466929113
186,7.339068940988787,8.44977254204467
187,9.612936813523342,14.543657309497007
188,5.776551704910544,11.678050908121802
189,5.095834392384385,13.31099933987097
190,13.882423304702819,8.161234967380166
191,12.394249097430826,15.854696579511769
192,17.598123297657946,16.3112046349498
193,17.902154843806507,7.575321670156995
194,11.037782278267981,18.84291249237937
195,5.43374498479171,16.023212860374837
196,17.840755755940656,16.068432785270666
197,17.006315341585065,14.615998491101758
198,15.867313408027883,13.70690352562024
199,13.192065589365685,10.82126080486203
200,14.963115295249466,11.07556269806715
201,8.599250199335874,12.85013176586588
202,9.058731314517436,11.525862630138056
203,18.623548812426492,10.213874685910909
204,15.437397243374274,18.435170095340922
205,8.20483733567427,10.551214539140798
206,5.823045197383129,11.616248995935017
207,14.2856340898024,12.87578121047127
208,14.450788854251138,9.274963658889469
209,12.012395630982276,14.967196984311494
210,16.312043750846918,11.43925239608189
211,16.213469282963583,18.11132948114
212,10.726809014701276,14.367513906640252
213,18.35362479349117,16.519695609540612
214,13.388108414332759,15.331273879793176
215,5.038593943254949,5.927903148391385
216,11.90624168840159,11.545718987121631
217,8.314827501971758,8.891984988452633
218,9.828831813102214,14.757135103578753
219,17.93164480867236,7.559183525405451
220,11.047188249835884,16.21910832674866
221,14.743485264102993,13.279952785060715
222,13.724948999241619,17.865095649442637
223,8.196897053847456,15.896529339671542
224,19.77234216814616,9.15973749211943
225,16.007226761532543,7.2877910924516245
226,8.56133953912443,10.789436196068428
227,15.127243882384906,16.00227523510555
228,16.755066655568626,9.249976538712046
229,72.76600581661637,71.35027967452508
230,75.2754072320303,75.35839226140438
231,82.22465712979839,93.71802224953012
232,89.63043572775243,80.3548207017503
233,85.00812116389393,93.50763719849255
234,87.67273191910368,94.775160630888
235,92.16059369906901,80.53974163838842
236,82.53690599407379,87.15462085800026
237,97.83543260467951,81.42074821948212
238,83.25713733652618,92.44333448500848
239,89.2591432112811,88.41687568509755
240,83.53098126488996,81.70909608462755
241,92.32046553190855,81.25484981453683
242,95.68443205515945,96.41668329836669
243,83.26625510733992,96.65550559073722
244,93.87770593739415,93.79212298215573
245,85.947483806411,98.94299239672041
246,98.31699591680312,99.98386906956966
247,93.25880966612702,80.1556457345451
248,83.85888431358744,84.96585804846342
249,89.98414323038106,97.70330480169474
250,92.3750853851181,86.00742216043001
251,81.9998790126019,81.90532020109606
252,90.9157622260939,90.26580111850038
253,84.66770442258944,98.18270819540956
254,88.43315704116864,96.6278139134316
255,85.67461126636844,83.18869648636982
256,98.5258966408118,98.08429303843329
257,93.49921947777506,87.7440246172792
258,96.31919707894215,98.29494344852189
259,96.16630606549985,90.89434486802489
260,86.80841947467661,97.30600167275
261,67.03847189989472,34.40122035554543
262,66.23643383764525,38.71931152493643
263,44.734853101792964,46.261236521265765
264,58.471911418197045,48.242542191321384
265,60.518713363808544,50.60084888560564
266,60.54663162156423,31.438284612663555
267,56.00096725162785,55.00749325936205
268,42.75905724166077,57.85419781969412
269,35.41573939091509,40.31655275877098
270,68.98518254243432,62.01045799582439
271,33.83562609223122,59.32793831790091
272,47.46417831590317,67.60494039860575
273,57.18851442755191,47.938198244065745
274,52.22519888841354,59.91671222919915
275,38.25363775410685,47.69452957831801
276,55.99938156345727,57.02054973121263
277,57.260711873686645,35.68130685970652
278,68.11517036561295,38.513842617625144
279,41.92133263852436,56.5956756794819
280,30.192847177230966,56.93637825373243
281,65.22911312859563,38.474389239657114
282,34.48085936920239,47.78958249539396
283,65.18080899389335,37.82067308476731
284,55.52018278146,36.73073288625475
285,62.27112081230764,62.47381475069538
286,53.16813473557174,54.95909796432267
287,35.31804014578138,49.689416636592895
288,56.548224486398894,53.41139622874133
289,33.583215737958724,56.85641882553063
290,64.02516667453396,38.837720107828474
291,35.735374814571095,47.48512307708161
292,50.61856921038341,46.53549776770173
293,62.26804584570396,61.93612824487509
294,68.47812099832356,62.79545914525184
295,68.83245570506473,43.61535457597265
296,60.44003203563923,59.79057700829516
297,51.26885623834775,48.28570806429156
298,49.257947487048405,63.67241637285953
299,60.36567070319468,38.42933657229082
300,57.145802160934466,60.16605172498622
301,34.54747648122572,43.42758940428034
302,36.926943216896774,55.66768826862783
303,59.82328600501849,60.47819891296353
304,60.699379980941714,52.575365761845944
305,44.976163531238456,34.31195838907503
306,49.348940676523554,53.045171670964216
307,56.691730662416845,47.73402913660393
308,46.553608714143735,35.10818112706358
309,41.212634375991755,36.804313130227015
310,49.8020063264194,63.5998250538872
311,42.21767226599408,32.016435782406475
312,39.84993388542807,48.266990022005665
313,57.369484135107,32.80343735571795
314,56.49727672650059,34.13640575149498
315,65.52581534481132,52.707070921664304
316,69.01744045626361,39.90694477828653
317,31.285154842594576,41.56406343801352
318,41.342735022632624,33.990342141254416
319,42.31536652759165,43.74622924291114
320,65.86799424978142,44.16497326498373
321,60.81899206287842,54.933037275703015
322,63.64269205960713,65.3912737253436
323,30.100204975141214,69.18343283001074
324,41.539825624636144,66.3459202986252
325,54.795082002547844,66.04967945509274
326,67.73762646063507,54.94124007960585
327,52.287759878960976,61.21993365570979
328,62.17072618234344,31.016744976367903
329,54.481705731317234,67.8119781784549
330,36.100007803618304,34.157247851500664
331,35.76520426023083,40.16722035534842
332,41.73612481431117,36.54910806199582
333,59.785767010288694,38.37207246520228
334,55.00602072151247,32.96485117835911
335,30.20250612402156,47.00700874246336
336,30.043472516960556,57.070959080717955
337,38.700357567021825,56.86902175383735
338,52.497663606340275,39.51247964000282
339,67.30106241958323,33.07615712807998
340,63.07348159483333,67.6417661589775
341,31.443790672535176,57.296748857618425
342,62.15492409451366,61.88551880848816
343,62.983659776505846,40.81576990663843
344,33.16429078439298,50.24711977730868
345,45.016484962130235,43.65764125178494
346,46.68997121994335,54.33151209746874
347,69.84084752316923,41.687069456883314
348,55.952765150045614,43.69638662261063
349,67.60283969422471,30.483009843834722
350,30.41002744254467,44.546974258613204
351,48.60995921463628,51.295298578466344
352,68.42003345581016,66.49068549300841
353,54.11473738830531,33.87689587008061
354,61.723774246191326,42.077855680347895
355,61.03462691912161,33.92137505748235
356,50.567218414092565,39.592217033607305
357,40.68660098919119,54.50743475140533
358,40.93921356199716,55.00638447306292
359,44.90716792926753,31.42462299790228
360,64.33171344812249,49.996461652277105
361,39.004310797109056,48.69318156368914
362,47.0729922047142,45.909373948151455
363,48.35420226863464,48.431732897126025
364,32.99607543576966,33.512907182282326
365,39.51916766868206,68.50767296979103
366,69.67640558326768,42.22725044356696
367,56.08990594858234,44.77553070941216
368,68.39656107429016,31.4928273844189
369,32.754273994471546,67.75238021984921
370,63.057446843398594,57.41382756329136
371,62.07312967358165,43.55719684592019
372,30.341294790616374,69.55883126977143
373,14.41314463544451,12.195251568202679
374,9.329094022657415,8.475094094815478
375,11.68307355932688,14.043196442488693
376,7.386194302045396,8.0988833501514
377,12.2398965462644,10.069717695359007
378,11.632700459581386,17.403302465954038
379,18.514668365818117,6.3279107992259345
380,16.11193718219445,11.056251460765948
381,12.149366236706872,15.041391157270233
382,18.21868889208926,8.114906266062953
383,12.978434502755869,13.527053893723249
384,5.075020764436117,8.909031885939616
385,18.150965500571118,5.504617938822477
386,19.368962753083736,19.02254123270837
387,11.794145246376527,6.826145793391413
388,6.850134755338394,14.172823680339222
389,10.773178623073242,7.56009503818121
390,14.346189887344092,19.70474485203498
391,9.408298159848172,8.8187056789784
392,16.966889507127483,16.2481991096911
393,6.052261987362342,9.733821769956066
394,10.77030636190237,14.10491661686304
395,6.776581741208965,12.99763857564809
396,18.127272639562555,16.547415017676357
397,16.08648244513502,18.87574167996774
398,11.51216921245423,5.210815737715275
399,7.299323417909171,13.79500790194725
400,15.869222426236417,8.31775879487924
401,8.613408124743362,7.471624838971859
402,11.705916851782515,5.552001279261589
403,12.328548162141413,7.88750252465126
404,16.851097294655744,18.169465209430207
405,9.387161385562663,6.724172505483368
406,15.002687151482483,19.241889072325627
407,17.75848056581657,15.352626013533584
408,5.67246345054103,10.214051949789049
409,5.820160649693867,18.837820948902607
410,10.580103143582303,14.510890554106274
411,18.24875849024202,11.14840242691431
412,14.930137138214478,8.302668370739191
413,8.49356516196515,16.81047037224517
414,12.816414864102331,14.765020313910233
415,9.14510794714152,8.01415983304518
416,11.148357216458756,14.252647400333082
417,5.202159576061409,8.002440467251468
418,12.172119312178076,14.34238077117357
419,18.786851945570994,10.176481471165818
420,13.09985245968794,12.009462387793484
421,9.18034197838772,8.315129998026656
422,13.07806794093558,19.23028389389185
423,11.19175332790767,16.014700359686785
424,7.24784371785403,11.05515114051504
425,6.583447966093431,19.074872936347106
426,14.024220384407611,5.90581959567493
427,8.413689374668737,14.732070314106087
428,5.183871371735428,7.461498584311659
429,17.63286726092639,13.294353264757655
430,13.383043805693884,9.913674553719378
431,7.057801429802053,12.291748021244825
432,14.156083558681404,18.47251107670376
433,11.324840536217284,10.045762856847073
434,10.213154516262303,5.079257266375136
435,12.88110199235791,13.376625559671545
436,7.030971072802565,9.051571056666434
437,13.195347849682076,10.337638304875139
438,6.519825757405042,12.351816796570962
439,15.041029184666431,5.749528001182888
440,10.835951165802477,9.360652180686921
441,11.561278727653766,7.95803733668777
442,17.142719406026536,5.212641981742393
443,15.770460317387089,18.923807272167377
444,10.98227201770966,12.420143697375739
445,19.31154031859111,12.073897197889458
446,11.691933077400744,11.235997109323648
447,15.928776127806145,15.499118470317818
448,11.24111089013352,19.098497090662597
449,11.738293633009722,12.250678724073463
450,18.145370652415433,18.04531367380814
451,15.477895664018213,19.824896425212643
452,14.022333431149478,16.80935542432698
453,18.23878921567325,7.732311439639013
454,6.221255969024072,6.930843635760847
455,13.89336062620212,10.249355953175396
456,18.594224508310923,19.936568209823143
457,9.984967811912824,12.134789736354989
458,19.905828876756164,15.245428961232438
459,6.059368512251514,8.021922066586281
460,17.6746246879259,18.091262975745806
461,15.4682090030003,5.473722069715329
462,9.410987126257549,16.323186288456576
463,17.385501354903546,16.59026685029133
464,6.32803798764487,18.750052009035883
465,11.248301211719896,10.497688549097168
466,13.90307712628651,7.07319964857301
467,5.704578837809515,13.427581824886456
468,10.60695655044132,8.819497533824325
469,15.805287263910255,18.84116446119381
470,8.832865281920721,9.86499381223916
471,18.311368767843046,9.607221490100422
472,9.781914869663265,18.429629684160822
473,16.587215647569124,9.60258503956685
474,16.25248354128178,8.675014471021612
475,17.26324018027747,12.184417424036454
476,8.558409509848978,15.59545249730783
477,11.682085341307051,16.147823667716153
478,10.631520576905935,17.726765792090134
479,12.21519483921431,6.995778358207977
480,12.998102257223529,9.439383815888451
481,7.125129512706962,17.53418314743788
482,12.218763866092573,18.327032343046174
483,19.95425975546372,5.483081819344733
484,7.625172233344274,15.176562921229854
485,9.891707753142445,13.710851845905191
486,5.291512088466121,11.48342588465896
487,11.2771220779202,11.63014160584887
488,8.011690910997771,17.042582768728973
489,5.079376514903362,7.182753828883699
490,19.061346745945485,12.086085505272276
491,15.961724036527558,18.696129419156218
492,11.449602119547066,16.382423494185485
493,15.850305135772706,10.55720244054375
494,13.04125051051307,16.21945781377537
495,8.828090393179416,16.473129708271543
496,12.924378495183163,18.85519600893783
497,10.871787983020592,9.815833974016401
498,5.308206952607006,13.112572076086309
499,13.424263544437629,17.175935063426145
500,13.349960033494426,15.910248347265018
501,5.175609828141402,12.245542823334324
502,15.237028728315353,11.388173472687964
503,6.474226489146395,14.342040168474945
504,9.73612501053401,16.40888370076618
505,6.2768581367708105,11.214892976027233
506,9.503743626320219,17.563408930973488
507,15.49019954375303,12.042632243328788
508,11.566907406049015,16.192853819982474
509,7.9560502067266405,18.41504747633052
510,9.392937935427321,12.980373282631586
511,9.982402610340387,9.517447410303362
512,14.071084554299617,11.453509933790707
513,11.252765206217276,7.828589784728625
514,8.544587513657934,16.630025141581555
515,5.71541491023364,15.035475550954748
516,19.16568221753335,5.219608749503958
517,12.48772076500629,10.01776451874452
518,7.54836889840388,9.325860685365255
519,10.384886668838018,7.086340393743364
520,10.41711447735614,10.094758818560964
521,19.312139644159558,8.016184009724727
522,14.626682419003151,10.148417731651655
523,7.313853993797127,9.414590165016499
524,15.382227794708982,17.460974902317062
525,9.298943863024162,7.407852131240045
526,11.579456814232648,13.763238773691032
527,17.557902725788736,10.930956520923946
528,15.170836665037836,6.683881766473382
529,13.065368699757,11.907781714646411
530,18.417282927781237,6.584446338596447
531,17.267007825553957,8.369743399689199
532,6.137726051480615,5.893556340567468
533,7.816776213786479,16.894002948816254
534,17.43075276600907,7.683260253702338
535,7.518610526914878,14.259809471603736
536,17.65309269580986,17.51208386176746
537,9.488268343332372,9.530886774370526
538,15.541901826877059,17.67276875015431
539,13.606776575275942,15.011576981059017
540,7.965708056796343,16.0871766413318
541,17.210026763183777,13.616312692337836
542,17.34583585766604,17.050598392458266
543,15.718723596793978,17.819006791087947
544,5.0312414006185815,12.19385181403361
545,9.552280992160691,17.1142761177706
546,12.258002240211916,10.805481417697523
547,17.94079562179816,8.457676307196007
548,11.053972546243978,8.375390021760209
549,18.400659366928735,6.67085754382096
550,17.502254109496707,11.188722329300544
551,6.392752148693306,14.94664028136972
552,14.870582989390092,9.912984906024988
553,10.53418106750777,18.231851111502944
554,12.070361079692834,12.05559474620097
555,13.069140490666756,15.76349097477466
556,7.918368803561723,15.434556826923094
557,18.639096567688853,8.525356128401942
558,5.647580198908809,12.581474907995013
559,14.95372089436379,12.35299423764119
560,15.693603402246584,8.281911884426108
561,10.019169737283832,10.02641864613787
562,7.0997178675734505,13.771085962487364
563,16.21523468119899,5.928242077885555
564,13.056119935952038,13.011922795894565
565,7.691880852605897,5.221465493230858
566,19.187879138962998,16.035064483481285
567,8.255479326358667,18.449081871654016
568,6.5978100524600265,19.564112746449464
569,12.167729987871208,6.530403138961226
570,5.641530039487483,11.434115872840927
571,9.409762260935135,9.560770216038538
572,19.131382346557572,11.487175211954225
573,5.267892414861243,6.521254896211214
574,16.941219787400723,8.496144784678243
575,14.516851357399684,16.93298524739447
576,6.219170797587076,14.20905152941238
577,15.352072861558558,5.979075119376292
578,6.079153475938695,8.999409930155322
579,18.183771900402483,5.437782919303685
580,14.898121066496932,5.823791722777952
581,14.75741780702281,14.3907400695816
582,5.690451372788053,7.5800755083937545
583,6.244577480121128,9.337459665559438
584,13.21196160086747,13.402803177614716
585,16.678395546862248,10.249382643818587
586,17.54494386636231,10.16003688425744
587,18.056167966281908,11.553906629043993
588,13.10086926086315,7.007254892776448
589,9.957576520173902,6.04850281153191
590,16.02950429551398,11.491177325514666
591,7.654350119230835,12.046844273129981
592,5.31592406787207,15.56751762454537
593,6.905751935136163,11.351488228701786
594,15.455403889639578,10.999355783478352
595,5.220254293242364,13.868375139891779
596,12.413141298454462,16.13362672475995
597,19.562347343248987,6.579315956120863
598,7.46144905848181,15.695833480316017
599,17.747092145970882,15.922806919570558
600,18.249046601956294,8.122392951502132
601,14.872454929654019,6.122058273395695
602,14.25053128978177,12.669081993556647
603,18.185930477718898,8.15757091869013
604,19.636021290436297,17.558526667844777
605,16.051175186100128,13.776701077302354
606,17.094979246222245,8.631482301190653
607,9.472704786638165,17.111943865180343
608,5.557692360318486,18.524173659906793
609,11.69691351788953,16.672455793427535
610,9.605866290127938,11.80218484511778
611,8.286289832115024,12.022506359791159
612,9.874498861961605,11.902219737406838
613,9.289941923213945,11.52373441391583
614,8.752721202469061,18.692753585403082
615,13.903508798578812,5.018305907973516
616,12.273199429402187,7.640088239981151
617,14.760156665859082,8.690440079931982
618,11.531261594690564,5.480610562663355
619,9.210312398251835,5.311177206268112
620,14.282620731709654,12.057076586447645
621,13.565151449079464,14.448643728075963
622,15.40389014747568,9.064069669757902
623,17.727711439371213,8.907030505466793
624,53.37583086685478,69.83667903265678
625,54.31333904050206,43.19940142727785
626,33.489041986242135,59.99983184903504
627,68.57997978668736,51.9923090730008
628,54.61684575166997,53.05677970209011
629,69.27127798627274,59.85459880902149
630,67.24876898653258,58.352378988340014
631,32.59562512447496,30.58442418734107
632,51.75818315502078,69.45274332654773
633,55.426256715046236,39.88837274264732
634,51.60948824744969,40.377213690575616
635,67.9040855839761,48.67557741263923
636,34.433079619520484,60.78618672834246
637,36.15993622037052,40.67445126644726
638,49.3239009354867,66.57070701637207
639,30.911060551474737,67.68097738074259
640,30.450002935259487,30.97802603306416
641,56.17884960709187,59.77380188124394
642,45.721026532853834,52.60956730779712
643,35.53691615653358,64.12958769444498
644,34.79017462443677,52.57564325381084
645,59.75567697524427,69.51094555962874
646,34.002028709064334,42.87282865278323
647,51.13280747646,51.785565038274484
648,37.19780247948054,48.639998667162224
649,36.28179919274793,51.3751600110551
650,37.1892910253588,45.8333352550282
651,39.720701625050154,36.194087041092814
652,50.126205912041726,66.58976721944902
653,51.10349645206863,39.919563782858624
654,58.45294111229899,35.92749861963778
655,50.915048478145394,54.97973104544218
656,40.626286626162376,54.25296796238409
657,35.14003371713682,44.6385971739621
658,37.57629314478582,37.56829473475029
659,46.56771150685001,38.41304781512905
660,39.89534954379077,68.1010342953828
661,36.53153847694087,56.13438330537403
662,55.74233199892736,55.6350509369032
663,45.45481983099226,63.8610886663558
664,31.749348374819096,30.13827228390097
665,46.833300900758196,44.93415547192834
666,50.149354859109266,58.782277524979904
667,62.8841188180669,53.90617568171092
668,49.02384459758916,69.1208395950197
669,30.544109653022744,36.26422427171326
670,44.67779791394257,57.88999801669232
671,48.31523323836608,53.047082636590446
672,51.15510259072796,43.5986794450273
673,35.21543987843435,63.78134438793145
674,45.589031738985724,66.65713420304105
675,37.796968772547814,45.90906367907189
676,69.99080824022235,43.73703318273324
677,42.31002194495829,30.847936760965908
678,36.03729089480842,62.87196076341279
679,34.04098573535167,38.257685055914344
680,31.08072162304498,37.04054920085316
681,44.27834531683543,44.696315366503114
682,44.25351196620868,55.93607124031901
683,49.00280915109451,47.82535321967112
684,52.1773521138185,52.42012599753132
685,53.035949681045125,45.76234244389997
686,31.85362666562063,58.13284498953105
687,30.61165641090238,31.04759528476762
688,61.962757146613406,52.08856125527798
689,54.01340031739713,57.10089043353321
690,51.39283047390744,42.18523914164639
691,41.76253547747089,58.49428900529034
692,68.9226912053062,61.06153270147665
693,43.855752409187204,33.58022463632456
694,36.656491889948335,43.665170365850614
695,44.229039168957044,58.522338334437336
696,66.84316890690666,65.14188527523552
697,31.023507111393734,34.4661501018273
698,46.43320995292444,43.79881759403413
699,32.9515173804118,44.92056457571215
700,62.648339088254815,64.22707929015561
701,69.28018175868844,33.35278893787323
702,74.30464729321699,77.67612471998008
703,70.47187247880943,73.92765263453163
704,78.2691584197649,79.53562935330835
705,81.05416051019368,98.2430490826349
706,92.46724149398045,81.97133271788694
707,83.9980842601118,83.59824146213063
708,90.9904553492708,97.49946448361689
709,92.31298078763223,90.21115146415566
710,91.8107569562713,90.7830334569743
711,95.7458513003519,80.99858244840534
712,82.12521965019538,99.65684502255128
713,90.58134217892237,83.57713556986073
714,91.60857456293131,80.35118583344864
715,89.70511443928268,81.98346533647313
716,93.84307668757651,86.44536493865316
717,85.80481078824721,88.89919877817458
718,96.3073753389489,92.80301139281465
719,81.8355406397945,96.70873915892932
720,81.13120060221179,90.88002661328835
721,86.79560051205301,99.1051846115008
722,94.56328555438203,91.1023711442625
723,80.21689455666036,84.18992540956404
724,83.65072497544318,94.62462896411517
725,82.04901915820865,98.67525425421657
726,84.23377945115351,92.79704644033994
727,87.81942389647277,84.63006506922744
728,94.76125216583316,93.9271264138118
729,87.2326388066141,95.97072220945438
730,85.77045971599223,98.0851735508738
731,81.55231977981009,91.394308153685
732,99.54813390212361,80.58024889482905
733,84.33768154955973,87.96890052321645
734,95.69886507767647,85.86068521428221
735,94.43863433894305,94.69007891589251
736,92.84264271745114,95.50476977546259
737,89.30751704274672,86.60841650877717
738,93.38754118892386,95.49519963352436
739,89.8924946700524,96.12952061955522
740,85.15737258719469,85.2561414228291
741,91.08205653906474,97.19556077138316
742,95.6526341642174,95.02361748655933
743,84.6694420796788,83.00914117071079
744,83.18928719261166,88.75016759743829
745,65.6337869230054,35.41856713313989
746,55.27986066416397,65.5789960804492
747,31.824876479976226,58.60917287251199
748,66.33090278857186,34.81713057351968
749,36.991997237787885,58.97293437513547
750,36.640969216174895,30.811617677722275
751,33.18161924323371,38.61610559983698
752,31.771556341343686,51.07983812908446
753,62.168300140965755,41.3829759951819
754,36.07484137337175,39.42771499130054
755,31.7211546097832,62.749965884516776
756,59.90763972715277,40.628215388065854
757,66.8185619887846,39.01431055709185
758,52.694484184476444,62.65824102526336
759,68.43079713711268,32.1144418274432
760,32.554938972511486,42.930342967230615
761,46.2219402105007,48.38233371242039
762,51.29440690896368,40.69238675990485
763,39.71311122330473,48.1139897664127
764,49.41193204539827,64.29211214453429
765,31.76741860439051,36.33295142361859
766,59.6977985107171,65.86665050251747
767,58.62149425868233,55.15429742940187
768,35.55927796903933,42.06249323593326
769,62.47305059625925,55.63097767423955
770,49.19278892025652,65.71403677047228
771,34.48331141060843,42.70180452482794
772,63.785615344007816,66.70897769428657
773,60.06194225972037,33.29755497381211
774,67.05182738591174,65.89008736839301
775,49.91908434039141,67.15195313333061
776,53.16461013752409,66.43567122895311
777,69.10042371077029,48.559845746802814
778,35.52102894007969,61.06358055511034
779,39.84136520501224,43.31880516420608
780,35.78111154444905,66.53390521725831
781,58.29733082908162,38.24535853864588
782,39.64618204121577,50.18324290078452
783,58.884887981978125,44.179223138513734
784,58.07124285020173,67.11493013580892
785,50.209977163792864,61.84216564104971
786,45.03847387277517,60.34041786133022
787,32.03190975758155,46.89250739657582
788,57.5170397535177,64.10141913277894
789,30.646929395183562,47.70320254852854
790,51.39357636046839,51.46656064082386
791,60.32423599536011,67.86894546697155
792,69.44559243964815,69.43247816448851
793,33.1965228674721,31.234422944350065
794,57.78218610491416,53.50900231790817
795,13.484181061646318,5.998784472680977
796,7.356990724565035,15.541486636298835
797,18.285128683628997,12.596230179261063
798,10.065085783469524,9.15180590180989
799,10.332073176648432,16.401560765745685
800,16.870461228169347,13.372091317109955
801,12.292116116073547,5.61853237284271
802,19.828229650941527,7.041846277141541
803,10.785039749460722,11.174269260317883
804,11.39254085296201,14.540524148888432
805,5.583928078995395,12.739463022270485
806,12.218205070616314,7.678249708233852
807,6.36127969121915,14.889501353823892
808,18.682665919957508,18.592125558976367
809,10.100087523890629,16.65734376646757
810,19.427041500842858,10.063885959766893
811,18.60159595485335,15.886115008908114
812,13.384084355712156,16.799793088524233
813,12.1731411970126,14.724342834118206
814,15.328242468727522,7.6991453679687005
815,8.435112210394273,19.96340823129295
816,11.67720196629865,8.1356615138257
817,14.311047417289792,15.84505787470825
818,13.657840250204478,7.057741018202703
819,19.456066816150884,14.772338939047108
820,19.095552832702538,16.173938220548443
821,10.81502933557968,18.1589978639267
822,18.962731643001455,11.63933287937131
823,7.008460639748935,11.371712501789911
824,10.989402710871866,10.29865390522373
825,10.111118873166191,7.492031210809609
826,12.204713949198904,17.57272226613241
827,37.18392023199274,38.248875904172394
828,69.41607919460421,31.17662989375941
829,51.36480346351375,54.90002313426487
830,51.63348309455942,43.05224855558443
831,42.47027187851124,35.97093363360186
832,54.02234757484784,34.3774656663898
833,54.3624699894049,37.091800422761466
834,68.30239151739474,51.417600918786505
835,50.40230747853645,66.24065909394477
836,59.43548890337651,62.766018290453516
837,49.808380581759174,64.67997599184088
838,55.63300931882881,56.213172948948774
839,31.40867371447351,43.333030754206305
840,66.87240216029534,56.096110955725294
841,54.49922433116638,43.58871177021184
842,60.17920609320083,69.99163330935306
843,66.74351742831244,60.31319217909197
844,66.46884297253945,37.90493993432176
845,56.08956856520019,58.00768339362905
846,36.74534261335392,61.50872636550745
847,44.38064407753135,47.08826897702253
848,32.02513165207471,30.64052916077939
849,31.00587574555622,53.706401243627994
850,60.47988246612718,57.976551270881764
851,78.6548336878483,74.5606776689598
852,73.70893582801463,78.09673760005388
853,88.15377101641448,81.04973050487366
854,84.8529864842466,97.68086737713121
855,88.19439511393917,80.34586029857063
856,87.14091505245285,95.71049923151976
857,81.76992385467518,98.03988190103483
858,95.35422249036958,98.39701587802062
859,90.03470612858163,86.35585979117508
860,91.85506973519819,92.86592856305535
861,82.32103252770946,89.15357619828987
862,95.42685131750679,90.82595221784122
863,87.19750393664566,87.48251273570723
864,97.45950543692771,98.51985303675724
865,81.05415770047782,96.30976149710825
866,91.07253233311157,99.1010601929466
867,82.7647592792797,94.56682938898646
868,95.80352343338248,89.54983131302504
869,81.83617737252736,82.73873899553782
870,86.24598871472524,99.67378540437043
871,91.52547488026332,98.79718028887906
872,83.28178210528573,86.17206731631313
873,84.17255543347355,87.37972497508873
874,81.62713219712992,95.717394665178
875,97.26112547191315,94.26854012169741
876,97.5488701665259,92.59810124959495
877,86.65432068028619,90.81649195807552
878,92.37045714589921,94.9103273866546
879,94.93021770878413,94.76488078247249
880,84.52762006808157,99.6545902474191
881,87.257615762751,88.81674997660954
882,95.12885265904349,81.46882912161965
883,84.55437787522916,94.09889726622436
884,80.93824728192914,84.62240494480095
885,85.74848710523462,86.89064831729772
886,96.67075082846075,82.3593200602889
887,96.00297521327575,93.73651657821202
888,82.91042621960567,82.84239754815592
889,93.95100051983951,88.09985850035983
890,97.91026276131775,86.87314573478062
891,82.28808338976638,85.85124252680463
892,97.0816883018785,97.13948334812329
893,86.24936196882537,94.96806719219592
894,83.92099273203682,86.05819510679407
895,87.96718106559563,84.7611858726531
896,96.73547268917802,92.71969415795485
897,89.2511129977503,93.68383475287037
898,94.34918399237552,98.97030364306129
899,73.3030452775168,71.25741012261385
900,79.72535158834933,76.84034159875415
901,74.92700477150204,71.87719498108443
902,82.22807341155706,83.26903430015287
903,93.72863409948094,84.57646801390327
904,85.90937275891446,90.62015834326448
905,95.50666075838117,98.00465941759539
906,97.13807536185266,91.71086575260384
907,98.17489216601095,89.85013996737469
908,87.29487322731447,98.60733678308279
909,98.16015742312894,93.15684200980706
910,90.89846290288243,85.95594734996342
911,97.90843158973409,84.48444817204297
912,83.87708785681555,82.80245016098347
913,91.87797176714541,92.41105793030505
914,86.51197162347941,90.67192391855312
915,88.04977106632836,90.40619010217678
916,84.1220108859839,89.17654499222346
917,86.42668214036858,90.37362112770222
918,80.85270215324657,82.61357368231415
919,99.30368538382835,87.92037773581984
920,85.81271892758234,84.75842889654416
921,91.70667637040884,85.21719225780315
922,99.17226790704103,86.08885263130593
923,96.87096692787962,98.1633086035046
924,94.25056445771202,88.33759327719292
925,90.79188906560873,84.66639768515192
926,90.20210545640944,92.35912272642578
927,90.98969908109366,86.50144600472763
928,96.35918988517211,83.8395437716538
929,85.18162915016812,87.45577346006428
930,95.62764347188755,81.74050746662742
931,94.88835979449051,92.43864734043783
932,88.72122498930753,94.20236943909806
933,85.27642069974048,95.13326995231196
934,87.5345541183846,80.36805786551467
935,71.39533493472703,78.17882989582591
936,73.27501634101422,73.73955283173413
937,98.83314531136278,94.17115927046274
938,86.34327880026581,93.57232069102128
939,82.92432237481923,90.53977880083102
940,89.62966855455129,85.84469371551559
941,83.56803556524875,88.42777099428442
942,90.3160162314352,84.48422525390055
943,89.23451428921125,85.11110351646137
944,82.62009688093804,99.0854703470466
945,95.03350357898225,85.47933211282516
946,88.40030486205791,81.73056676467486
947,86.5597009071785,98.14237795451027
948,80.29216557847313,88.81148428200777
949,88.59065016526355,87.67628185375523
950,90.16261243451973,85.2711559936456
951,95.05412685793806,97.41043170525964
952,86.0498554237706,92.98792855526034
953,82.38618955084674,95.16816838805508
954,84.90883954006925,99.93661334872249
955,96.5964686316558,95.39903357770709
956,89.31743562807797,92.89226273549991
957,91.01079301385853,80.35617029093343
958,88.11477698054034,97.44375813858687
959,89.33274860705382,87.53790080927234
960,90.94929867630324,91.1940044262175
961,90.80580994527087,80.69462086094568
962,85.93292531896324,98.53744765974669
963,89.77478831607789,98.7682719470718
964,89.06799780941536,89.82304617763255
965,10.963409928234817,12.949268670803077
966,9.62173517846526,15.821498712407086
967,9.130182785573869,7.577065113176623
968,7.798283110452643,12.298051643278743
969,19.10988225029139,13.370207271908614
970,14.49996136642219,12.524878732456763
971,6.927619855259781,8.876566126169818
972,15.404640015720636,11.938816715476538
973,9.144280064002524,12.82510369117239
974,5.821224730816786,15.106257787248504
975,11.032967650453958,9.417966730862608
976,9.386878374535954,18.824753753576747
977,15.867479909499947,7.29795675759658
978,6.683138377088387,7.5168266567441835
979,5.068247491364976,11.358937620912712
980,15.410066590319678,7.842913749054323
981,16.874950644854867,12.27049133893178
982,7.671230452606112,5.002613123400768
983,7.866446415242569,19.877399871708224
984,9.532953765180315,5.091105778063054
985,14.719835078861669,17.673035177034137
986,6.126499139530054,13.349037022373183
987,11.306552440919734,17.603782701841908
988,12.061607547681167,17.189801436242234
989,7.455285781524468,8.006795286403321
990,18.974969678590547,8.369213708151769
991,13.648469460115123,6.051880277277888
992,12.970344332229075,16.18632477892642
993,60.90763096234142,45.158836075792664
994,40.752381021119376,67.38843346984862
995,36.33337105818193,40.598644492534746
996,69.65172132235153,62.7643971944906
997,32.06349866751218,38.4649015104277
998,33.57039744322649,39.40571566632021
999,58.652445140227215,31.241709936868915
1000,46.26612515234612,58.859852075072894
1001,46.05198422114441,45.461142659428646
1002,60.92085994384463,66.24400541883533
1003,30.11115592285986,55.83675733511069
1004,65.02161949242458,51.52343706643337
1005,37.23939255919384,37.279222616407075
1006,32.66474429983292,39.06001252215755
1007,67.75674086230552,37.070376172572566
1008,5.345917488203083,5.54419053958279
1009,18.742032879402625,16.171123510111805
1010,19.662402355779925,9.817248193364687
1011,16.03344201107202,15.645633252775838
1012,16.352646560652854,15.839999947997123
1013,14.301675566929802,14.395648991191823
1014,17.86960930555885,18.68928928314084
1015,9.70215232813682,17.43960933240247
1016,5.948350969136877,17.817637929056488
1017,8.324855712974388,8.434403935234588
1018,18.91167698699523,9.08838729038451
1019,7.458407621997528,16.316692426282938
1020,13.302902190041863,7.656306737374695
1021,7.0257318356082745,6.248175883772456
1022,9.567483613824662,11.755443628884649
1023,15.88744847813127,6.812590997353992
1024,79.07130064316894,76.09876683820237
1025,77.0014567336136,76.1936626377329
1026,75.46871800644409,76.51459071161938
1027,90.76026090318247,96.46147661125595
1028,85.1257176161256,93.71605699269858
1029,97.03243201532919,81.55498787675559
1030,94.41851363842319,89.53671975558848
1031,99.27744929994552,90.04759769970106
1032,95.12629407360114,99.25118419297243
1033,87.53711763354563,80.32204370655349
1034,91.6443412448631,81.90485703291293
1035,82.1819694037121,82.9988324446561
1036,82.07192933471522,85.38577867777902
1037,98.52932068132674,87.51066577048776
1038,96.93456958126654,97.91551499934786
1039,92.90219929560608,84.77289038232556
1040,72.59675745131568,75.1120459625296
1041,78.41530437754061,78.16888901718997
1042,78.63092307546921,72.64385138217821
1043,94.61753141611374,93.19917499566199
1044,83.8546007976584,89.28358793674698
1045,86.88986833090121,86.40353178949937
1046,89.37222587697192,85.28207490683792
1047,93.16425661672629,85.73379103055296
1048,82.1052795169285,90.43582996180257
1049,90.98048054886328,82.59838533850103
1050,81.4142051832414,91.45118937675781
1051,97.47969340612637,87.4175088441089
1052,95.87112900287168,81.36822002679703
1053,99.7674600095208,99.91179020991169
1054,95.53697139802172,88.97114535705613
1055,92.78173458919885,87.38043584569007
1056,90.13466465858093,86.34598481993463
1057,85.15355343575334,85.68058767224548
1058,84.08203472525616,96.35196376843726
1059,96.70016197037212,89.49832698387583
1060,91.01772665231003,90.685662012213
1061,99.69930807917895,99.97143682912201
1062,99.13466717514585,90.47108560079732
1063,86.8849811895817,96.49913876490449
1064,83.12402996748322,83.30973333296632
1065,91.02455819338074,97.7570675557968
1066,81.13886695374948,96.36687346298363
1067,86.64702735815173,92.13005548728829
1068,91.61466377982092,96.05580990903943
1069,96.07294287945028,96.5337774794185
1070,99.64445050139894,96.53053224982793
1071,86.40800502982334,90.47522338181588
1072,83.40275695553262,88.17226700847951
1073,96.81839643205683,93.14844193596073
1074,91.15269557672345,90.89643385397537
1075,96.61698228312702,84.94782534825178
1076,85.88063988913788,80.46872372663532
1077,99.33465265949795,91.04678520699552
1078,80.0470788918882,88.73584373343887
1079,95.87997995444573,94.24459597937897
1080,95.49784206894529,88.29409617823674
1081,96.64805946424019,97.70972898465853
1082,95.2307601939247,97.47769693058696
1083,82.75880139220085,99.06267623589531
1084,99.3938770425849,92.14573616422655
1085,52.20947338709692,57.91141739252916
1086,38.8065476025579,61.571044770393186
1087,50.754924598802916,45.91294911042959
1088,39.1824188915289,53.979418981419954
1089,56.67912221549543,66.24065404940907
1090,33.33276072173216,63.69004376998617
1091,69.55575776854124,64.77463417450363
1092,54.79374870563488,64.79386516732268
1093,51.73078864740542,68.56615690447966
1094,54.901335179328576,34.51511337726829
1095,69.22413548301168,32.17042663411171
1096,30.02825053938693,31.196493705633188
1097,48.67570683019494,31.170508507460063
1098,33.28827425302628,44.08255425444127
1099,61.538296311370196,30.556749288242084
1100,31.73707635007412,37.06154554556733
1101,53.201012065348976,41.989275730012295
1102,59.22258397493667,43.33113973725386
1103,66.94867312423308,50.622158526782385
1104,57.770546930821126,68.29870817762045
1105,68.33112204250455,37.12971298704182
1106,68.08906356939909,31.9512427168096
1107,35.27400146966389,50.1106672152486
1108,46.227575941235614,48.61165185012794
1109,39.01741769194634,52.22805238481853
1110,53.4818827552235,52.57798955711528
1111,55.79804700940739,45.51363030278104
1112,47.40157889389353,60.72775197034812
1113,58.4119325884548,69.12033307939294
1114,67.12733119276224,30.992977477078778
1115,45.17402164721307,45.41945925662927
1116,45.754370719374045,38.52552468787175
1117,36.40498106218099,58.61425930498646
1118,33.7284363657671,46.711252595762296
1119,67.16780198999757,31.220916020428522
1120,64.50166096722378,34.116265368601674
1121,49.71446971768561,68.92144830979393
1122,35.74300957434196,56.89328675955713
1123,69.03623335022547,66.26515096041558
1124,36.667659653980856,36.078045470402536
1125,55.021502933310614,45.879400732709925
1126,45.68886600260279,44.831398224579814
1127,52.88564904692112,39.665026603500245
1128,66.20069330203481,41.79420344620425
1129,56.18894443122494,57.49513705030827
1130,32.756628275417285,35.10880793909481
1131,49.06312593254043,51.95537881837568
1132,60.38105258225448,56.78341037264927
1133,68.20442235837601,30.421782379696147
1134,45.25370473265248,44.03389749234362
1135,41.10423641158917,60.77603458816017
1136,65.97303101602719,49.27105957818431
1137,60.88833486093664,34.89811509780459
1138,56.79469183423784,40.173379165465384
1139,32.3282030881452,41.19360798377924
1140,36.62095578104959,64.667588094248
1141,59.81391640173884,62.45408861463359
1142,32.55282674114676,66.03367322792762
1143,33.67795474258764,38.89181053517569
1144,58.59816783932513,63.22870518272461
1145,66.92039080265883,68.19763937321444
1146,66.94026958432895,30.490591499840463
1147,50.92481118991667,50.28806060357367
1148,54.85003126793183,42.723664455422046
1149,61.320437942989095,31.176631806231217
1150,63.804512062315,38.64217077749352
1151,40.847723878112745,51.540122815621025
1152,47.322067922308506,32.897435471264544
1153,39.94371774989219,30.64401833800548
1154,60.384250736138675,54.49268690680244
1155,35.28965674499365,65.42086662091238
1156,47.77646996804856,32.51950458185212
1157,43.53907276332418,33.46998319938171
1158,39.15681905141462,51.74799522318702
1159,52.00930740393839,67.48312998070436
1160,37.52437093691361,40.67312472165901
1161,54.348260344032695,45.83451659910605
1162,36.73225063804147,43.30339087273994
1163,69.84415317795441,35.94628754835381
1164,57.42016876802714,54.23628816312093
1165,35.61755867754225,58.790771287193664
1166,38.65668196748608,38.83048457433555
1167,46.09855373831858,37.867709339577644
1168,48.304143912264195,40.76190151871644
1169,31.033656890416765,54.21839189673477
1170,61.29487969984105,64.32684015218867
1171,38.28762526133579,55.75144877568413
1172,48.02102758299903,61.72903924829271
1173,38.90269816422996,66.96872115449641
1174,59.715083424465256,68.08560898968622
1175,62.419398687716935,33.629474452833485
1176,50.40956100762347,50.20458632097433
1177,39.19009346747478,53.080784213661815
1178,66.9525630944487,61.635339062891276
1179,39.6105708938677,57.60648230057967
1180,56.073608853094,37.10642041317509
1181,47.34798097365925,34.51889437328567
1182,52.99618160703588,61.91043363184556
1183,30.32219424902221,43.679752862898695
1184,59.964533330430434,50.38918457263151
1185,31.545268718668588,49.686521030424515
1186,33.81374229061023,49.7616171695817
1187,63.88115025609543,34.30680012455527
1188,31.595657223859114,60.08507747741481
1189,58.879415356302545,64.96790628520118
1190,64.16147907636244,68.60613075382707
1191,50.5410790329801,68.66238651489503
1192,35.676614980933465,41.59893601081265
1193,41.511095304081245,68.27569425472566
1194,56.781436560983934,63.750495893321784
1195,45.743037372117186,53.643531625109745
1196,46.101979721824534,41.997928351606866
1197,47.863717614553615,50.71153468826155
1198,50.71450414640233,37.97630504457083
1199,51.36812869623106,44.62301873087044
1200,57.21515636499639,47.327031814952186
1201,50.25979423850624,31.493800506513097
1202,58.449294008594855,45.50698554497228
1203,35.892021808003314,54.51040285058761
1204,62.827465162305344,50.05788877204246
1205,69.49074509854853,65.4873758831657
1206,57.913987397616566,55.95017425020906
1207,42.24285797038179,44.61720017341125
1208,61.364143451331856,69.89291806434849
1209,55.10623816950014,53.61602692808546
1210,49.0073714113519,54.53881351138803
1211,65.48207452724418,45.77971051538049
1212,54.83314678336623,59.6139689718717
1213,31.174607867755846,41.91342797927729
1214,40.58730209288446,58.655926621667746
1215,30.058466220439875,35.703447764898655
1216,39.14215717890275,41.712650158620356
1217,35.85595887840518,43.50523681582551
1218,32.92441172363843,67.9649788780175
1219,40.930882714481356,55.93063683670688
1220,42.867864118759776,59.50699445458655
1221,52.71845940298136,48.7907137981003
1222,69.9676236640705,39.420891291055824
1223,44.128145454768514,65.41344774951384
1224,33.339501130035984,43.41626614683169
1225,64.47671972821796,43.28008298550431
1226,62.425500512192585,56.913090124991186
1227,32.32066007987328,62.66263935301939
1228,65.2091171872829,60.747446672921626
1229,67.78882240656503,62.529666587655505
1230,66.02952444681873,55.026937161658566
1231,59.36164464650267,44.77968585474689
1232,36.49029906303093,62.24075957546172
1233,52.6571563290825,64.3865062658059
1234,64.03466347049763,57.018991886860405
1235,56.11221699394505,64.4620450310581
1236,46.394520823014155,56.84849650466579
1237,44.73987578680151,49.3318528966585
1238,32.68720857931112,60.06019582643783
1239,64.89358807010257,59.187542598360395
1240,31.67087223917584,53.81441853410244
1241,37.9408172361834,58.66260176969367
1242,33.412027598870765,31.40655249309357
1243,63.15385901920998,37.06012448518472
1244,41.66630446111921,53.09180261796287
1245,59.48036567594206,54.55736084993437
1246,49.25994982684786,32.69787184861265
1247,46.427345831522786,40.09921813380045
1248,43.35808474778535,54.601413612794396
1249,64.40246519232485,57.81603409495982
1250,47.42435222802513,32.99931059420752
1251,41.7621792783588,67.52838047776677
1252,60.99997094064519,66.75466208805331
1253,55.958905128408986,67.69872956391146
1254,12.489716558054866,9.949171264289564
1255,16.510487093565803,5.225079486877757
1256,6.332165781767554,10.864229885236128
1257,7.267183856350865,11.184308800380405
1258,10.311244937167297,15.565894275175015
1259,11.460362517114635,13.036851304330387
1260,17.201844076221168,16.084835024543665
1261,16.532610602874925,5.865059761670434
1262,16.774658117579378,12.593091593710927
1263,11.550982132362892,14.619084214023921
1264,19.012880957887788,9.496464766913277
1265,5.882956036789559,6.934375384659722
1266,13.6751318793747,5.916520388914792
1267,8.327378148289682,12.626296704360865
1268,13.050470160817556,11.951704381064093
1269,17.161268043325308,14.338751257764104
1270,14.99426963887087,11.358185886338454
1271,5.382275884262532,13.598592166658795
1272,19.657450945955354,17.078217784708478
1273,5.950992473157684,9.191848422003748
1274,13.020657872843996,19.249797642362246
1275,7.826177450726025,19.192983423418795
1276,9.76832080301086,18.484735831717117
1277,5.710860521227802,16.691317659866357
1278,12.979847664410809,5.411988186017172
1279,16.043504426585713,11.792155526929337
1280,10.266002664088896,8.854713558145065
1281,15.942868829416623,7.4770617414513865
1282,14.553943900653495,13.8904844824526
1283,18.211397242825186,12.621719783766725
1284,17.658361431717985,13.050312510139467
1285,15.107524672679903,13.071161515230292
1286,15.974823612612797,8.927001203108869
1287,14.582939836274335,8.495497424968857
1288,8.002766769970528,12.390888912243467
1289,11.87303751074069,18.24198522928965
1290,7.431491846249197,5.188178608642937
1291,14.100049754978324,15.914123415578644
1292,17.642850962267193,6.556939755669952
1293,6.517305118031389,11.787389919918557
1294,16.370525386531295,9.771553436380884
1295,13.969259655597329,5.7443410364841405
1296,10.883222996424676,15.674111925998636
1297,11.699622157164905,17.132360776839167
1298,15.821730048378537,6.302593361182513
1299,9.021062160702833,8.842108568621422
1300,16.83195454901176,8.092467702992543
1301,12.405961117297187,5.201571907683019
1302,6.644447870324425,10.947964046311995
1303,11.843096210076823,12.834635438449778
1304,63.608064786382755,52.51108733120832
1305,40.84469534067033,56.30829977008897
1306,67.4714042943903,69.68683907739472
1307,47.47156841627262,37.913123364966225
1308,39.69826308385092,59.17550177508487
1309,67.61576859967414,50.6528029077969
1310,51.63618041121128,52.662307640303524
1311,36.97462051762612,37.73413476147698
1312,50.011819038382384,45.219637730298814
1313,49.97952298543815,34.115799507969854
1314,39.74828275966573,42.92072681197325
1315,42.44713737990695,59.12711657985875
1316,50.38403469332568,33.99641414220958
1317,35.13485075426123,31.805596836625565
1318,46.3129613174075,44.766831641752326
1319,60.5228764249882,55.4281328465451
1320,52.952593368384825,34.72346480949423
1321,31.461690858834892,47.96775053336049
1322,44.57395306595484,41.455585128921356
1323,63.95953805836225,34.68288591516847
1324,43.71212126894829,58.74427377458083
1325,69.4376787612735,60.72761603665883
1326,62.16782081591309,48.99200295969776
1327,39.89536227953188,41.037999076257165
1328,50.835345716220104,50.041074546938106
1329,54.47891157046008,62.29791944797323
1330,47.62638949564871,59.53271246988514
1331,43.48510540531471,54.7792140736447
1332,67.8332189308151,49.10545481065661
1333,30.66242890248268,39.49173988973646
1334,47.3299589139839,44.86044984913377
1335,46.99023997019411,42.54004412192117
1336,63.15694588231807,38.92986304587677
1337,33.70368270499877,37.541124115212895
1338,45.13086645582878,65.60949614094449
1339,63.838004997695556,66.79161125099589
1340,43.362378144604904,35.077220739300714
1341,64.29532944901919,45.11014246976466
1342,46.70657393229417,42.60607444651013
1343,43.61546642335088,52.763509489710444
1344,45.83026278238686,58.84536404429866
1345,60.8714243410307,47.29879094557204
1346,66.11886174663331,59.41013398484682
1347,30.19884935965848,45.310753841639155
1348,53.65729516834712,38.21496010833732
1349,57.68714911905133,50.67274264565629
1350,45.89048392913574,34.862204151798
1351,66.99650299506834,47.92479202809624
1352,37.686999968124645,52.777969851101105
1353,49.84995491160562,68.17505625539462
1354,40.994523427443646,47.33495890884947
1355,62.324055732788594,37.386686260487906
1356,62.24189192909511,48.831851114429575
1357,62.0711536278493,58.06416412973505
1358,65.27684653048345,68.00942020850107
1359,53.59107741672115,62.13601159094951
1360,30.503628509648053,47.32394452746486
1361,42.0461689499963,32.40830093864781
1362,63.024029906066154,60.604418478295344
1363,68.20690778765575,49.774753705121384
1364,64.62494909049488,57.7540826694809
1365,48.81742822234729,34.20675492620373
1366,48.824362143648386,60.819775494855605
1367,66.71656423524746,41.435073304233676
1368,66.84523385989803,30.144142487987512
1369,34.48128790692424,42.271688985436796
1370,32.01857517348957,31.44507134870485
1371,45.715619444032356,59.15505475119412
1372,51.21410890549289,47.43460927755969
1373,30.514984289439894,35.34485799224084
1374,59.841365267619835,30.05988458194249
1375,35.753223310172146,59.742630802831016
1376,56.61141348528831,58.925020099962076
1377,47.241060827856295,37.63058543366502
1378,55.10226301715923,30.612659130659303
1379,32.894284809627486,58.12032246012825
1380,68.73153121768433,43.181654389319064
1381,63.92256610351941,37.56801056180579
1382,38.20287989908286,42.43100804399797
1383,67.3166982147598,30.584223603809463
1384,57.54066383992266,40.987919369703455
1385,41.44200661332469,62.20939854522256
1386,45.20740712489635,65.0596339522166
1387,74.11745942052593,75.94061990085139
1388,74.24321918457011,75.75543292589444
1389,98.9699278807875,93.10386160972223
1390,84.84995799999862,99.41117591395287
1391,98.43422384585068,94.68941421836126
1392,86.74615327227399,96.52283660814324
1393,87.28316850594994,83.59569815389581
1394,92.31541940473883,83.63866108158469
1395,82.63831869347953,93.93553816962657
1396,92.41871108670074,93.5886650967334
1397,96.25460316142178,91.19449460730459
1398,88.8007894039393,85.2967890499936
1399,84.81170834683982,97.89162980168376
1400,81.33553064986442,89.94166690372973
1401,85.25211731212825,90.75384708990855
1402,80.23149735440994,91.7688208415985
1403,93.47067081485609,86.923850747683
1404,97.22262294597311,95.96110264842633
1405,86.76324812087078,98.09127363474389
1406,89.29698815337966,88.39071454845552
1407,99.47402863657912,86.71770587362693
1408,94.35421387001857,89.7913773245678
1409,90.09036753989776,89.89074458602873
1410,84.6401274881043,89.77558958241411
1411,81.17323705185728,91.95964270950888
1412,92.49815716741931,91.41365488110415
1413,86.73513691417342,96.61900754990045
1414,93.80041876922431,95.14261712866463
1415,66.03467538374865,51.28706125589784
1416,52.89347171911727,45.993483608691406
1417,57.31090017281575,46.724746139858475
1418,50.798563999071945,43.50982709750971
1419,66.50885843812057,43.341393768132136
1420,36.811128073711664,36.940856809424155
1421,30.688173122298032,68.77090086083928
1422,43.90206069234446,50.373817266992944
1423,49.64490278184008,38.856312550580455
1424,56.756145936954326,46.59582147009964
1425,52.08111810884018,54.02200150005818
1426,30.574471859798056,59.80258198059009
1427,58.98278826102771,69.4097687082757
1428,30.21058353884679,52.89470765180111
1429,35.95290072709074,52.81261911599394
1430,62.58039414814733,54.330488592256934
1431,67.44520806757295,40.39829417911593
1432,66.73679673073606,64.42879843348143
1433,45.37817253629994,63.31118061292024
1434,64.41657479075486,57.779774849625056
1435,52.74157945290643,47.988288282319004
1436,34.64111040598917,49.18856180149977
1437,52.420978439717295,40.573244685471174
1438,45.0907243705264,56.532949508704526
1439,31.440179728189598,62.91523644439447
